{"cameraMode":{"drawMode":0,"name":"Shaded","section":"Shading Mode"},"sceneLighting":true,"audioPlay":false,"sceneViewState":{"showFog":true,"showMaterialUpdate":false,"showSkybox":true,"showFlares":true,"showImageEffects":true,"showParticleSystems":true},"in2DMode":false,"pivot":{"x":-1.1921052932739258,"y":0.11807573586702347,"z":-0.8529449701309204},"rotation":{"x":-0.09026643633842468,"y":0.8947397470474243,"z":-0.21073375642299653,"w":-0.3832559287548065},"size":10.0,"orthographic":false}